"imagePath","date","intro","location","shutter","aperture","iso"
"images/623A0001.JPG",="2026年 05月 14日","拍摄于 2026年 05月 14日 · 2253.4 KB","",="1/1250",="f/2.8",="ISO 200"
"images/623A0072.JPG",="2026年 05月 14日","拍摄于 2026年 05月 14日 · 2516.7 KB","",="1/500",="f/2.8",="ISO 250"
"images/623A0089.JPG",="2026年 05月 14日","拍摄于 2026年 05月 14日 · 4333.7 KB","",="1/100",="f/2.8",="ISO 100"
"images/AD1D4912-E0E3-4C14-9C66-622C78365616.jpg",="2025年 08月 07日","拍摄于 2025年 08月 07日 · 5658.5 KB","",="1/55",="f/1.5",="ISO 500"
"images/IMG_4758.JPG",="2024年 07月 05日","拍摄于 2024年 07月 05日 · 3487.1 KB","",="1/657",="f/1.8",="ISO 32"
"images/IMG_4759.JPG",="2024年 07月 05日","拍摄于 2024年 07月 05日 · 5102.6 KB","",="1/121",="f/1.5",="ISO 100"
"images/IMG_4763.JPG",="2024年 07月 05日","拍摄于 2024年 07月 05日 · 3349.7 KB","",="1/8000",="f/1.5",="ISO 50"
"images/IMG_4772.JPG",="2024年 07月 05日","拍摄于 2024年 07月 05日 · 2225.3 KB","",="1/33",="f/1.5",="ISO 500"
"images/IMG_5101.jpg",="2024年 11月 08日","拍摄于 2024年 11月 08日 · 8656.9 KB","",="1/3968",="f/1.5",="ISO 50"
"images/IMG_5148.jpg",="2024年 11月 09日","拍摄于 2024年 11月 09日 · 7959.4 KB","",="1/495",="f/1.5",="ISO 50"
"images/IMG_5194.jpg",="2024年 11月 11日","拍摄于 2024年 11月 11日 · 12382.0 KB","",="1/122",="f/2.8",="ISO 32"
"images/IMG_5208.jpg",="2024年 11月 11日","拍摄于 2024年 11月 11日 · 11412.1 KB","",="1/2208",="f/1.5",="ISO 50"
"images/IMG_5216.jpg",="2024年 11月 11日","拍摄于 2024年 11月 11日 · 10923.9 KB","",="1/1645",="f/1.5",="ISO 50"
"images/IMG_5223.jpg",="2024年 11月 11日","拍摄于 2024年 11月 11日 · 9506.2 KB","",="1/1029",="f/1.5",="ISO 50"
"images/IMG_6338.JPG",="2024年 06月 30日","拍摄于 2024年 06月 30日 · 3027.8 KB","",="1/500",="f/14.0",="ISO 640"
"images/IMG_6347.JPG",="2024年 06月 30日","拍摄于 2024年 06月 30日 · 2430.8 KB","",="1/500",="f/10.0",="ISO 640"
"images/IMG_6358.JPG",="2024年 07月 01日","拍摄于 2024年 07月 01日 · 3766.9 KB","",="1/250",="f/10.0",="ISO 640"
"images/IMG_6376.JPG",="2024年 07月 01日","拍摄于 2024年 07月 01日 · 2363.1 KB","",="1/250",="f/10.0",="ISO 640"
"images/IMG_6389.JPG",="2024年 07月 01日","拍摄于 2024年 07月 01日 · 3781.1 KB","",="1/800",="f/5.6",="ISO 640"
"images/IMG_6401.JPG",="2024年 07月 01日","拍摄于 2024年 07月 01日 · 3195.9 KB","",="1/2000",="f/5.6",="ISO 640"
"images/IMG_6420.JPG",="2024年 07月 01日","拍摄于 2024年 07月 01日 · 5190.1 KB","",="1/1000",="f/6.3",="ISO 640"
"images/IMG_6433.JPG",="2024年 07月 01日","拍摄于 2024年 07月 01日 · 5501.8 KB","",="1/1000",="f/6.3",="ISO 640"
"images/IMG_6445.JPG",="2024年 07月 01日","拍摄于 2024年 07月 01日 · 2415.7 KB","",="1/2000",="f/4.5",="ISO 400"
"images/IMG_6478.JPG",="2024年 07月 01日","拍摄于 2024年 07月 01日 · 2904.8 KB","",="1/5",="f/32.0",="ISO 400"
"images/IMG_6601.JPG",="2024年 07月 01日","拍摄于 2024年 07月 01日 · 2960.1 KB","",="1/4",="f/22.0",="ISO 200"
"images/IMG_6626.JPG",="2024年 07月 01日","拍摄于 2024年 07月 01日 · 2530.0 KB","",="1/4",="f/25.0",="ISO 100"
"images/IMG_6844.JPG",="2024年 07月 02日","拍摄于 2024年 07月 02日 · 3186.4 KB","",="1/640",="f/3.5",="ISO 100"
"images/IMG_7049.JPG",="2025年 04月 23日","拍摄于 2025年 04月 23日 · 2967.1 KB","",="1/80",="f/5.6",="ISO 100"
"images/IMG_7050.JPG",="2025年 04月 23日","拍摄于 2025年 04月 23日 · 2074.9 KB","",="1/80",="f/6.3",="ISO 100"
"images/IMG_7068.JPG",="2025年 04月 23日","拍摄于 2025年 04月 23日 · 2402.5 KB","",="1/10",="f/5.0",="ISO 800"
"images/IMG_7105.JPG",="2025年 04月 25日","拍摄于 2025年 04月 25日 · 3364.1 KB","",="1/125",="f/4.5",="ISO 100"
"images/IMG_7109.JPG",="2025年 04月 25日","拍摄于 2025年 04月 25日 · 3005.1 KB","",="1/320",="f/3.5",="ISO 100"
"images/IMG_7115.JPG",="2025年 04月 25日","拍摄于 2025年 04月 25日 · 2535.2 KB","",="1/1000",="f/4.0",="ISO 100"
"images/IMG_7152.JPG",="2025年 04月 25日","拍摄于 2025年 04月 25日 · 3605.4 KB","",="1/80",="f/4.5",="ISO 100"
"images/IMG_7161.JPG",="2025年 04月 25日","拍摄于 2025年 04月 25日 · 3059.4 KB","",="1/160",="f/5.0",="ISO 100"
"images/IMG_7166.JPG",="2025年 04月 25日","拍摄于 2025年 04月 25日 · 3237.7 KB","",="1/1600",="f/4.5",="ISO 100"
"images/IMG_7174.JPG",="2025年 04月 25日","拍摄于 2025年 04月 25日 · 4321.8 KB","",="1/500",="f/4.5",="ISO 100"
"images/IMG_7222.JPG",="2025年 04月 25日","拍摄于 2025年 04月 25日 · 3425.8 KB","",="1/1600",="f/3.5",="ISO 100"
"images/IMG_7230.JPG",="2025年 04月 25日","拍摄于 2025年 04月 25日 · 2188.1 KB","",="1/3200",="f/3.5",="ISO 100"
"images/IMG_7274.JPG",="2025年 06月 06日","拍摄于 2025年 06月 06日 · 6091.5 KB","",="1/500",="f/3.5",="ISO 200"
"images/IMG_7291.JPG",="2025年 06月 06日","拍摄于 2025年 06月 06日 · 5258.6 KB","",="1/5000",="f/6.3",="ISO 200"
"images/IMG_7295.JPG",="2025年 06月 06日","拍摄于 2025年 06月 06日 · 7740.7 KB","",="1/25",="f/6.3",="ISO 200"
"images/IMG_7296.JPG",="2025年 06月 06日","拍摄于 2025年 06月 06日 · 2710.6 KB","",="1/60",="f/6.3",="ISO 200"
"images/IMG_7311.JPG",="2025年 06月 07日","拍摄于 2025年 06月 07日 · 2496.8 KB","",="1/6400",="f/6.3",="ISO 500"
"images/IMG_7312.JPG",="2025年 06月 07日","拍摄于 2025年 06月 07日 · 5930.2 KB","",="1/4000",="f/6.3",="ISO 320"
"images/JTH_0016.JPG",="2026年 05月 21日","拍摄于 2026年 05月 21日 · 3134.3 KB","",="1/3200",="f/2.8",="ISO 100"
"images/JTH_0034.JPG",="2026年 05月 21日","拍摄于 2026年 05月 21日 · 2255.8 KB","",="1/1250",="f/2.8",="ISO 200"
"images/_MG_0002.JPG",="2025年 12月 14日","拍摄于 2025年 12月 14日 · 5502.7 KB","",="1/2000",="f/3.5",="ISO 125"
"images/_MG_0006.JPG",="2025年 12月 14日","拍摄于 2025年 12月 14日 · 4090.3 KB","",="1/2000",="f/1.8",="ISO 100"
"images/_MG_0012.JPG",="2025年 12月 14日","拍摄于 2025年 12月 14日 · 2155.2 KB","",="1/6400",="f/1.8",="ISO 200"
"images/_MG_0016.JPG",="2025年 12月 14日","拍摄于 2025年 12月 14日 · 2262.3 KB","",="1/500",="f/1.8",="ISO 125"
"images/_MG_0033.JPG",="2025年 12月 14日","拍摄于 2025年 12月 14日 · 1314.6 KB","",="1/200",="f/1.8",="ISO 100"
"images/_MG_0797.JPG",="2026年 03月 05日","拍摄于 2026年 03月 05日 · 7098.7 KB","",="1/500",="f/2.8",="ISO 100"
"images/_MG_2578.JPG",="2026年 03月 16日","拍摄于 2026年 03月 16日 · 1668.2 KB","",="1/800",="f/6.3",="ISO 200"
"images/_MG_2582.JPG",="2026年 03月 16日","拍摄于 2026年 03月 16日 · 1502.4 KB","",="1/125",="f/6.3",="ISO 100"
"images/_MG_2584.jpg",="2026年 03月 16日","拍摄于 2026年 03月 16日 · 6569.4 KB","",="1/125",="f/6.3",="ISO 100"
"images/_MG_3825.JPG",="2026年 03月 18日","拍摄于 2026年 03月 18日 · 1752.3 KB","",="1/640",="f/6.3",="ISO 125"
"images/_MG_4308.JPG",="2026年 03月 20日","拍摄于 2026年 03月 20日 · 3120.1 KB","",="1/640",="f/5.6",="ISO 100"
"images/_MG_4414.JPG",="2026年 03月 25日","拍摄于 2026年 03月 25日 · 1986.0 KB","",="1/500",="f/6.3",="ISO 400"
"images/_MG_4546.JPG",="2026年 03月 26日","拍摄于 2026年 03月 26日 · 1199.9 KB","",="1/2500",="f/2.2",="ISO 100"
"images/_MG_4811.JPG",="2026年 04月 02日","拍摄于 2026年 04月 02日 · 2500.2 KB","",="1/320",="f/6.3",="ISO 400"
"images/_MG_4817.JPG",="2026年 04月 02日","拍摄于 2026年 04月 02日 · 1531.2 KB","",="1/320",="f/6.3",="ISO 100"
"images/_MG_4890.JPG",="2026年 04月 02日","拍摄于 2026年 04月 02日 · 2843.3 KB","",="1/800",="f/2.5",="ISO 100"
"images/_MG_4936.JPG",="2026年 04月 23日","拍摄于 2026年 04月 23日 · 1681.4 KB","",="1/100",="f/2.8",="ISO 100"
"images/_MG_4938.JPG",="2026年 04月 23日","拍摄于 2026年 04月 23日 · 1467.6 KB","",="1/125",="f/2.8",="ISO 100"
"images/_MG_4955.JPG",="2026年 04月 23日","拍摄于 2026年 04月 23日 · 2161.8 KB","",="1/1600",="f/2.8",="ISO 100"
"images/_MG_4956.JPG",="2026年 04月 23日","拍摄于 2026年 04月 23日 · 2293.2 KB","",="1/1600",="f/2.8",="ISO 100"
"images/_MG_4957.JPG",="2026年 04月 23日","拍摄于 2026年 04月 23日 · 1725.8 KB","",="1/1600",="f/2.8",="ISO 100"
"images/_MG_4962.JPG",="2026年 04月 23日","拍摄于 2026年 04月 23日 · 1981.2 KB","",="1/2000",="f/2.8",="ISO 100"
"images/_MG_4967.JPG",="2026年 04月 23日","拍摄于 2026年 04月 23日 · 4318.5 KB","",="1/1000",="f/2.8",="ISO 100"
"images/_MG_4968.JPG",="2026年 04月 23日","拍摄于 2026年 04月 23日 · 1583.6 KB","",="1/400",="f/2.8",="ISO 100"
"images/_MG_4972.JPG",="2026年 04月 23日","拍摄于 2026年 04月 23日 · 1770.9 KB","",="1/160",="f/2.8",="ISO 100"
"images/_MG_4976.JPG",="2026年 04月 23日","拍摄于 2026年 04月 23日 · 1379.2 KB","",="1/160",="f/2.8",="ISO 100"
"images/_MG_8469.JPG",="2025年 11月 07日","拍摄于 2025年 11月 07日 · 2650.8 KB","",="1/200",="f/5.0",="ISO 1600"
"images/_MG_8543.JPG",="2025年 11月 08日","拍摄于 2025年 11月 08日 · 2563.7 KB","",="1/160",="f/6.3",="ISO 250"
"images/_MG_8547.JPG",="2025年 11月 08日","拍摄于 2025年 11月 08日 · 1494.3 KB","",="1/160",="f/5.6",="ISO 100"
"images/_MG_8685.JPG",="2025年 11月 08日","拍摄于 2025年 11月 08日 · 3635.6 KB","",="1/10",="f/13.0",="ISO 160"
"images/_MG_8778.JPG",="2025年 11月 09日","拍摄于 2025年 11月 09日 · 2468.9 KB","",="1/60",="f/14.0",="ISO 200"
"images/_MG_8789.JPG",="2025年 11月 09日","拍摄于 2025年 11月 09日 · 3386.9 KB","",="1/40",="f/11.0",="ISO 100"
"images/_MG_9120.JPG",="2025年 11月 10日","拍摄于 2025年 11月 10日 · 3020.0 KB","",="1/160",="f/6.3",="ISO 640"
"images/_MG_9125.JPG",="2025年 11月 10日","拍摄于 2025年 11月 10日 · 2957.5 KB","",="1/200",="f/6.3",="ISO 800"
"images/_MG_9209.JPG",="2025年 11月 10日","拍摄于 2025年 11月 10日 · 2866.6 KB","",="1/25",="f/3.5",="ISO 100"
"images/_MG_9709.JPG",="2026年 04月 24日","拍摄于 2026年 04月 24日 · 1858.9 KB","",="1/60",="f/6.3",="ISO 100"
"images/_MG_9756.JPG",="2026年 04月 24日","拍摄于 2026年 04月 24日 · 2441.0 KB","",="1/800",="f/2.2",="ISO 100"
"images/_MG_9785.JPG",="2025年 12月 12日","拍摄于 2025年 12月 12日 · 1896.9 KB","",="1/50",="f/5.6",="ISO 100"
"images/_MG_9789.JPG",="2025年 12月 12日","拍摄于 2025年 12月 12日 · 1701.1 KB","",="1/50",="f/5.6",="ISO 100"
"images/_MG_9791.JPG",="2025年 12月 12日","拍摄于 2025年 12月 12日 · 3542.1 KB","",="1/30",="f/18.0",="ISO 500"
"images/_MG_9792.JPG",="2025年 12月 12日","拍摄于 2025年 12月 12日 · 1942.8 KB","",="1/60",="f/5.6",="ISO 100"
"images/_MG_9840.JPG",="2026年 04月 24日","拍摄于 2026年 04月 24日 · 3511.4 KB","",="1/200",="f/5.6",="ISO 320"